ObjectID	URLs	OBJECTID	PointType	Area	SiteName	Reference	Comments	Risk	ESRIGNSS_POSITIONSOURCETYPE	ESRIGNSS_RECEIVER	ESRIGNSS_LATITUDE	ESRIGNSS_LONGITUDE	ESRIGNSS_ALTITUDE	ESRIGNSS_H_RMS	ESRIGNSS_V_RMS	ESRIGNSS_FIXDATETIME	ESRIGNSS_FIXTYPE	ESRIGNSS_CORRECTIONAGE	ESRIGNSS_STATIONID	ESRIGNSS_NUMSATS	ESRIGNSS_PDOP	ESRIGNSS_HDOP	ESRIGNSS_VDOP	ESRIGNSS_DIRECTION	ESRIGNSS_SPEED	ESRISNSR_AZIMUTH	ESRIGNSS_AVG_H_RMS	ESRIGNSS_AVG_V_RMS	ESRIGNSS_AVG_POSITIONS	ESRIGNSS_H_STDDEV	Creator	Date_created	Last_Edit_by	Last_Edited	GlobalID	Exclude_appendix	attachment_count	testing
5	https://services7.arcgis.com/3E0r5qbeigNNEBVj/arcgis/rest/services/GI_Comments/FeatureServer/0/5/attachments/4?token=3NKHt6i2urmWtqOuugvr9ac-SEfp8hQjHX7hXMT65R0AkNRmaXz90U2_DWvSmB5Q_C3xCr7y4AXeUTi0JMhkYduD06kSIoRNkCGIcNB5SGs0F5G0cK0Ukp6UUhmkjNX0-rwGeNL-n-YZi0IYT4J2tP0qECLFSVKNCRWp6bHKQ0XBz7RCsP3wQpZpbdL0EVRsdL2364wmYfLYD55hljTvdHSK4O0USNdxbjTh5CNoy-TtU2yNBzABzBWN7hq2s6UpA1wC7gB0asbwKzgu7AvSQfemv2u8Cpn7Hi9Yfpb129E.	5	Building	Ballygown South			Zinc Furnace																	250.6										1713281287451				
39	https://services7.arcgis.com/3E0r5qbeigNNEBVj/arcgis/rest/services/GI_Comments/FeatureServer/0/39/attachments/36?token=3NKHt6i2urmWtqOuugvr9ac-SEfp8hQjHX7hXMT65R0AkNRmaXz90U2_DWvSmB5Q_C3xCr7y4AXeUTi0JMhkYduD06kSIoRNkCGIcNB5SGs0F5G0cK0Ukp6UUhmkjNX0-rwGeNL-n-YZi0IYT4J2tP0qECLFSVKNCRWp6bHKQ0XBz7RCsP3wQpZpbdL0EVRsdL2364wmYfLYD55hljTvdHSK4O0USNdxbjTh5CNoy-TtU2yNBzABzBWN7hq2s6UpA1wC7gB0asbwKzgu7AvSQfemv2u8Cpn7Hi9Yfpb129E.	39	Building	Ballygown South			Roof in very poor condition- further material likely to come loose in winds																											1713281303068				
41	https://services7.arcgis.com/3E0r5qbeigNNEBVj/arcgis/rest/services/GI_Comments/FeatureServer/0/41/attachments/39?token=3NKHt6i2urmWtqOuugvr9ac-SEfp8hQjHX7hXMT65R0AkNRmaXz90U2_DWvSmB5Q_C3xCr7y4AXeUTi0JMhkYduD06kSIoRNkCGIcNB5SGs0F5G0cK0Ukp6UUhmkjNX0-rwGeNL-n-YZi0IYT4J2tP0qECLFSVKNCRWp6bHKQ0XBz7RCsP3wQpZpbdL0EVRsdL2364wmYfLYD55hljTvdHSK4O0USNdxbjTh5CNoy-TtU2yNBzABzBWN7hq2s6UpA1wC7gB0asbwKzgu7AvSQfemv2u8Cpn7Hi9Yfpb129E.	41	Shaft	Ballygown South			King's shaft		2	Samsung SM-X110	52.78939	-8.2369	203.4	2.632	2.914	1705923002006	1			21	0.839999973773956	0.529999971389771	0.620000004768372	140.33	0.21297999999816	16.7993488674558					GWPConsultants_Basic	1705923037204	GWPConsultants	1713281303767	fb3cb0ed-cb3a-42e6-bc0b-41ef096ae3f6	No	1	
43	https://services7.arcgis.com/3E0r5qbeigNNEBVj/arcgis/rest/services/GI_Comments/FeatureServer/0/43/attachments/41?token=3NKHt6i2urmWtqOuugvr9ac-SEfp8hQjHX7hXMT65R0AkNRmaXz90U2_DWvSmB5Q_C3xCr7y4AXeUTi0JMhkYduD06kSIoRNkCGIcNB5SGs0F5G0cK0Ukp6UUhmkjNX0-rwGeNL-n-YZi0IYT4J2tP0qECLFSVKNCRWp6bHKQ0XBz7RCsP3wQpZpbdL0EVRsdL2364wmYfLYD55hljTvdHSK4O0USNdxbjTh5CNoy-TtU2yNBzABzBWN7hq2s6UpA1wC7gB0asbwKzgu7AvSQfemv2u8Cpn7Hi9Yfpb129E.	43	Shaft	Ballygown South			Concrete cap to shaft - solid but edges weathering		2	Samsung SM-X110	52.7891533333333	-8.236175	196.8	3.29	3.384	1705923507800	1			16	1.00999999046326	0.610000014305115	0.720000028610229	264.99	8.48401199992671	264.500732156989					GWPConsultants_Basic	1705923576458	GWPConsultants	1713281304754	5f9f8281-1502-40b7-98a7-eaa88aca96c1	No	1	
45	https://services7.arcgis.com/3E0r5qbeigNNEBVj/arcgis/rest/services/GI_Comments/FeatureServer/0/45/attachments/43?token=3NKHt6i2urmWtqOuugvr9ac-SEfp8hQjHX7hXMT65R0AkNRmaXz90U2_DWvSmB5Q_C3xCr7y4AXeUTi0JMhkYduD06kSIoRNkCGIcNB5SGs0F5G0cK0Ukp6UUhmkjNX0-rwGeNL-n-YZi0IYT4J2tP0qECLFSVKNCRWp6bHKQ0XBz7RCsP3wQpZpbdL0EVRsdL2364wmYfLYD55hljTvdHSK4O0USNdxbjTh5CNoy-TtU2yNBzABzBWN7hq2s6UpA1wC7gB0asbwKzgu7AvSQfemv2u8Cpn7Hi9Yfpb129E.	45		Ballygown South			Stream may undercut bank/path		2	Samsung SM-X110	52.7895266666667	-8.23537166666667	190.2	2.397	2.867	1705923843000	1			27	0.790000021457672	0.490000009536743	0.610000014305115	338.84	0	216.189041968683					GWPConsultants_Basic	1705923888294	GWPConsultants	1713281305483	1253c9c2-cad7-4610-a866-b4cb205ced8d	No	1	
47	https://services7.arcgis.com/3E0r5qbeigNNEBVj/arcgis/rest/services/GI_Comments/FeatureServer/0/47/attachments/45?token=3NKHt6i2urmWtqOuugvr9ac-SEfp8hQjHX7hXMT65R0AkNRmaXz90U2_DWvSmB5Q_C3xCr7y4AXeUTi0JMhkYduD06kSIoRNkCGIcNB5SGs0F5G0cK0Ukp6UUhmkjNX0-rwGeNL-n-YZi0IYT4J2tP0qECLFSVKNCRWp6bHKQ0XBz7RCsP3wQpZpbdL0EVRsdL2364wmYfLYD55hljTvdHSK4O0USNdxbjTh5CNoy-TtU2yNBzABzBWN7hq2s6UpA1wC7gB0asbwKzgu7AvSQfemv2u8Cpn7Hi9Yfpb129E.	47		Ballygown South			Damaged warning sign		2	Samsung SM-X110	52.7902416666667	-8.23476	191.5	2.538	2.961	1705924111000	1			31	0.819999992847443	0.540000021457672	0.629999995231628	152.44	0	164.895915923687					GWPConsultants_Basic	1705924144699	GWPConsultants	1713281306112	ebd446f0-fc84-4acc-bcd3-cfa2ff26dff3	No	1	
48	https://services7.arcgis.com/3E0r5qbeigNNEBVj/arcgis/rest/services/GI_Comments/FeatureServer/0/48/attachments/46?token=3NKHt6i2urmWtqOuugvr9ac-SEfp8hQjHX7hXMT65R0AkNRmaXz90U2_DWvSmB5Q_C3xCr7y4AXeUTi0JMhkYduD06kSIoRNkCGIcNB5SGs0F5G0cK0Ukp6UUhmkjNX0-rwGeNL-n-YZi0IYT4J2tP0qECLFSVKNCRWp6bHKQ0XBz7RCsP3wQpZpbdL0EVRsdL2364wmYfLYD55hljTvdHSK4O0USNdxbjTh5CNoy-TtU2yNBzABzBWN7hq2s6UpA1wC7gB0asbwKzgu7AvSQfemv2u8Cpn7Hi9Yfpb129E.	48		Ballygown South			Stone mattresx		2	Samsung SM-X110	52.7902716666667	-8.23472333333333	191.3	2.491	2.961	1705924152000	1			31	0.819999992847443	0.529999971389771	0.629999995231628	312.52	0	94.7639706581028					GWPConsultants_Basic	1705924171972	GWPConsultants	1713281306503	df824bac-add6-449d-90fe-225e97d506f6	No	1	
51	https://services7.arcgis.com/3E0r5qbeigNNEBVj/arcgis/rest/services/GI_Comments/FeatureServer/0/51/attachments/49?token=3NKHt6i2urmWtqOuugvr9ac-SEfp8hQjHX7hXMT65R0AkNRmaXz90U2_DWvSmB5Q_C3xCr7y4AXeUTi0JMhkYduD06kSIoRNkCGIcNB5SGs0F5G0cK0Ukp6UUhmkjNX0-rwGeNL-n-YZi0IYT4J2tP0qECLFSVKNCRWp6bHKQ0XBz7RCsP3wQpZpbdL0EVRsdL2364wmYfLYD55hljTvdHSK4O0USNdxbjTh5CNoy-TtU2yNBzABzBWN7hq2s6UpA1wC7gB0asbwKzgu7AvSQfemv2u8Cpn7Hi9Yfpb129E.	51	Shaft	Ballygown South			Shaft 13		2	Samsung SM-X110	52.79319	-8.23516333333333	160.5	2.256	2.726	1705925825000	1			30	0.75	0.479999989271164	0.579999983310699	139.09	0.142603999998768	264.174795529796					GWPConsultants_Basic	1705925853080	GWPConsultants	1713281308009	0b4cc6f4-22a1-48b9-b583-293f3df395b0	No	1	
54	https://services7.arcgis.com/3E0r5qbeigNNEBVj/arcgis/rest/services/GI_Comments/FeatureServer/0/54/attachments/52?token=3NKHt6i2urmWtqOuugvr9ac-SEfp8hQjHX7hXMT65R0AkNRmaXz90U2_DWvSmB5Q_C3xCr7y4AXeUTi0JMhkYduD06kSIoRNkCGIcNB5SGs0F5G0cK0Ukp6UUhmkjNX0-rwGeNL-n-YZi0IYT4J2tP0qECLFSVKNCRWp6bHKQ0XBz7RCsP3wQpZpbdL0EVRsdL2364wmYfLYD55hljTvdHSK4O0USNdxbjTh5CNoy-TtU2yNBzABzBWN7hq2s6UpA1wC7gB0asbwKzgu7AvSQfemv2u8Cpn7Hi9Yfpb129E.	54	Shaft	Ballygown South			Shaft 11. o obvious issues		2	Samsung SM-X110	52.7924233333333	-8.23696166666667	168.9	2.444	2.867	1705926285000	1			27	0.810000002384186	0.519999980926514	0.610000014305115	78.52	0.081487999999296	321.442127304985					GWPConsultants_Basic	1705926316855	GWPConsultants	1713281309189	25a06298-7433-4a1a-b0f0-81b2ae925bd4	No	1	
56	https://services7.arcgis.com/3E0r5qbeigNNEBVj/arcgis/rest/services/GI_Comments/FeatureServer/0/56/attachments/54?token=3NKHt6i2urmWtqOuugvr9ac-SEfp8hQjHX7hXMT65R0AkNRmaXz90U2_DWvSmB5Q_C3xCr7y4AXeUTi0JMhkYduD06kSIoRNkCGIcNB5SGs0F5G0cK0Ukp6UUhmkjNX0-rwGeNL-n-YZi0IYT4J2tP0qECLFSVKNCRWp6bHKQ0XBz7RCsP3wQpZpbdL0EVRsdL2364wmYfLYD55hljTvdHSK4O0USNdxbjTh5CNoy-TtU2yNBzABzBWN7hq2s6UpA1wC7gB0asbwKzgu7AvSQfemv2u8Cpn7Hi9Yfpb129E.	56	Shaft	Shallee			Water flowing freely. Fence intact		2	Samsung SM-X110	52.7929933333333	-8.28834833333333	130.6	2.256	2.82	1705929403000	1			28	0.769999980926514	0.490000009536743	0.600000023841858	123.98	0	292.442940428862					GWPConsultants_Basic	1705929471363	GWPConsultants	1713281309983	85bdc637-d462-47b1-b9d1-9aab68bc3191	No	1	
60	https://services7.arcgis.com/3E0r5qbeigNNEBVj/arcgis/rest/services/GI_Comments/FeatureServer/0/60/attachments/58?token=3NKHt6i2urmWtqOuugvr9ac-SEfp8hQjHX7hXMT65R0AkNRmaXz90U2_DWvSmB5Q_C3xCr7y4AXeUTi0JMhkYduD06kSIoRNkCGIcNB5SGs0F5G0cK0Ukp6UUhmkjNX0-rwGeNL-n-YZi0IYT4J2tP0qECLFSVKNCRWp6bHKQ0XBz7RCsP3wQpZpbdL0EVRsdL2364wmYfLYD55hljTvdHSK4O0USNdxbjTh5CNoy-TtU2yNBzABzBWN7hq2s6UpA1wC7gB0asbwKzgu7AvSQfemv2u8Cpn7Hi9Yfpb129E.	60	Tip Hazard	Shallee			Some recent erosion of far bank, oversteepening. Further failure may eventually u nder ut palisade fence.		2	Samsung SM-X110	52.792815	-8.28711166666667	132.6	2.115	2.726	1705930305000	2	0	0	34	0.730000019073486	0.449999988079071	0.579999983310699	101.71	0	230.047085983288					GWPConsultants_Basic	1705930405774	GWPConsultants	1713281311233	269baa74-1122-44ea-9c8d-2e694b7749d1	No	1	
62	https://services7.arcgis.com/3E0r5qbeigNNEBVj/arcgis/rest/services/GI_Comments/FeatureServer/0/62/attachments/60?token=3NKHt6i2urmWtqOuugvr9ac-SEfp8hQjHX7hXMT65R0AkNRmaXz90U2_DWvSmB5Q_C3xCr7y4AXeUTi0JMhkYduD06kSIoRNkCGIcNB5SGs0F5G0cK0Ukp6UUhmkjNX0-rwGeNL-n-YZi0IYT4J2tP0qECLFSVKNCRWp6bHKQ0XBz7RCsP3wQpZpbdL0EVRsdL2364wmYfLYD55hljTvdHSK4O0USNdxbjTh5CNoy-TtU2yNBzABzBWN7hq2s6UpA1wC7gB0asbwKzgu7AvSQfemv2u8Cpn7Hi9Yfpb129E.	62	Building	Shallee			Fence in good condition 		2	Samsung SM-X110	52.7925316666667	-8.28738833333333	136.4	2.632	3.196	1705930962696	1			25	0.879999995231628	0.529999971389771	0.680000007152557	146.96	2.45204799997882	298.023765056275					GWPConsultants_Basic	1705930995910	GWPConsultants	1713281311850	100e0881-5354-47f0-b991-7254fa5ef156	No	1	
64	https://services7.arcgis.com/3E0r5qbeigNNEBVj/arcgis/rest/services/GI_Comments/FeatureServer/0/64/attachments/62?token=3NKHt6i2urmWtqOuugvr9ac-SEfp8hQjHX7hXMT65R0AkNRmaXz90U2_DWvSmB5Q_C3xCr7y4AXeUTi0JMhkYduD06kSIoRNkCGIcNB5SGs0F5G0cK0Ukp6UUhmkjNX0-rwGeNL-n-YZi0IYT4J2tP0qECLFSVKNCRWp6bHKQ0XBz7RCsP3wQpZpbdL0EVRsdL2364wmYfLYD55hljTvdHSK4O0USNdxbjTh5CNoy-TtU2yNBzABzBWN7hq2s6UpA1wC7gB0asbwKzgu7AvSQfemv2u8Cpn7Hi9Yfpb129E.	64	Mine Entries	Shallee			Loose rock above portal		2	Samsung SM-X110	52.7922866666667	-8.28794166666667	137.6	2.209	2.726	1705931132000	1			35	0.740000009536743	0.469999998807907	0.579999983310699	136.7	0	174.843212185597					GWPConsultants_Basic	1705931197108	GWPConsultants	1713281312459	2ae1d8fa-95fa-4a30-a348-cb06e1d9c4e8	No	2	
79	https://services7.arcgis.com/3E0r5qbeigNNEBVj/arcgis/rest/services/GI_Comments/FeatureServer/0/79/attachments/80?token=3NKHt6i2urmWtqOuugvr9ac-SEfp8hQjHX7hXMT65R0AkNRmaXz90U2_DWvSmB5Q_C3xCr7y4AXeUTi0JMhkYduD06kSIoRNkCGIcNB5SGs0F5G0cK0Ukp6UUhmkjNX0-rwGeNL-n-YZi0IYT4J2tP0qECLFSVKNCRWp6bHKQ0XBz7RCsP3wQpZpbdL0EVRsdL2364wmYfLYD55hljTvdHSK4O0USNdxbjTh5CNoy-TtU2yNBzABzBWN7hq2s6UpA1wC7gB0asbwKzgu7AvSQfemv2u8Cpn7Hi9Yfpb129E.	79	Tip Hazard	Shallee			Collapsing waste heap		1																						GWPConsultants_Basic	1705935638334	GWPConsultants	1713281317831	955f53a9-5e78-4b43-a3cc-2cf97c7000c8	No	1	
81	https://services7.arcgis.com/3E0r5qbeigNNEBVj/arcgis/rest/services/GI_Comments/FeatureServer/0/81/attachments/82?token=3NKHt6i2urmWtqOuugvr9ac-SEfp8hQjHX7hXMT65R0AkNRmaXz90U2_DWvSmB5Q_C3xCr7y4AXeUTi0JMhkYduD06kSIoRNkCGIcNB5SGs0F5G0cK0Ukp6UUhmkjNX0-rwGeNL-n-YZi0IYT4J2tP0qECLFSVKNCRWp6bHKQ0XBz7RCsP3wQpZpbdL0EVRsdL2364wmYfLYD55hljTvdHSK4O0USNdxbjTh5CNoy-TtU2yNBzABzBWN7hq2s6UpA1wC7gB0asbwKzgu7AvSQfemv2u8Cpn7Hi9Yfpb129E.	81	Lagoon Hazard	Gortmore			Seepage from toe of bank, depositing mineralisation.		2	Samsung SM-X110	52.8014766666667	-8.29630666666667	104.5	2.444	2.82	1706017051000	1			28	0.790000021457672	0.5	0.600000023841858	286.58	0.177791999998464	336.391464794229					GWPConsultants_Basic	1706017112705	GWPConsultants	1713281318463	0513c03c-a2a5-4b7b-91b4-db42bd6e5fb6	No	1	
83	https://services7.arcgis.com/3E0r5qbeigNNEBVj/arcgis/rest/services/GI_Comments/FeatureServer/0/83/attachments/84?token=3NKHt6i2urmWtqOuugvr9ac-SEfp8hQjHX7hXMT65R0AkNRmaXz90U2_DWvSmB5Q_C3xCr7y4AXeUTi0JMhkYduD06kSIoRNkCGIcNB5SGs0F5G0cK0Ukp6UUhmkjNX0-rwGeNL-n-YZi0IYT4J2tP0qECLFSVKNCRWp6bHKQ0XBz7RCsP3wQpZpbdL0EVRsdL2364wmYfLYD55hljTvdHSK4O0USNdxbjTh5CNoy-TtU2yNBzABzBWN7hq2s6UpA1wC7gB0asbwKzgu7AvSQfemv2u8Cpn7Hi9Yfpb129E.	83	Lagoon Hazard	Gortmore			Some surface slumping in granular material forming embankment.		2	Samsung SM-X110	52.8013866666667	-8.29652166666667	103.7	2.068	2.632	1706017200000	1			33	0.709999978542328	0.439999997615814	0.560000002384186	275.43	0	291.19910833949					GWPConsultants_Basic	1706017250700	GWPConsultants	1713281319225	3f2d1dc9-5644-42b2-82f9-0ce3bb898a7c	No	1	
85	https://services7.arcgis.com/3E0r5qbeigNNEBVj/arcgis/rest/services/GI_Comments/FeatureServer/0/85/attachments/86?token=3NKHt6i2urmWtqOuugvr9ac-SEfp8hQjHX7hXMT65R0AkNRmaXz90U2_DWvSmB5Q_C3xCr7y4AXeUTi0JMhkYduD06kSIoRNkCGIcNB5SGs0F5G0cK0Ukp6UUhmkjNX0-rwGeNL-n-YZi0IYT4J2tP0qECLFSVKNCRWp6bHKQ0XBz7RCsP3wQpZpbdL0EVRsdL2364wmYfLYD55hljTvdHSK4O0USNdxbjTh5CNoy-TtU2yNBzABzBWN7hq2s6UpA1wC7gB0asbwKzgu7AvSQfemv2u8Cpn7Hi9Yfpb129E.	85	Lagoon Hazard	Gortmore			Bank erosion exposing sand/tailings.		2	Samsung SM-X110	52.8012233333333	-8.29669166666667	103.7	1.927	2.632	1706017332000	1			36	0.689999997615814	0.409999996423721	0.560000002384186	223.31	0	283.240961239374					GWPConsultants_Basic	1706017360895	GWPConsultants	1713281319910	00479a92-355e-420f-b970-2567b7c68b62	No	1	
87	https://services7.arcgis.com/3E0r5qbeigNNEBVj/arcgis/rest/services/GI_Comments/FeatureServer/0/87/attachments/88?token=3NKHt6i2urmWtqOuugvr9ac-SEfp8hQjHX7hXMT65R0AkNRmaXz90U2_DWvSmB5Q_C3xCr7y4AXeUTi0JMhkYduD06kSIoRNkCGIcNB5SGs0F5G0cK0Ukp6UUhmkjNX0-rwGeNL-n-YZi0IYT4J2tP0qECLFSVKNCRWp6bHKQ0XBz7RCsP3wQpZpbdL0EVRsdL2364wmYfLYD55hljTvdHSK4O0USNdxbjTh5CNoy-TtU2yNBzABzBWN7hq2s6UpA1wC7gB0asbwKzgu7AvSQfemv2u8Cpn7Hi9Yfpb129E.	87	Lagoon Hazard	Gortmore			Seepage and ponding.		2	Samsung SM-X110	52.800805	-8.297505	104.5	2.021	2.679	1706017500000	1			34	0.709999978542328	0.430000007152557	0.569999992847443	241.73	1.92607999998336	275.133301298326					GWPConsultants_Basic	1706017537695	GWPConsultants	1713281320537	c439f12b-00f8-4311-bc15-ecc1f8f1788a	No	1	
89	https://services7.arcgis.com/3E0r5qbeigNNEBVj/arcgis/rest/services/GI_Comments/FeatureServer/0/89/attachments/91?token=3NKHt6i2urmWtqOuugvr9ac-SEfp8hQjHX7hXMT65R0AkNRmaXz90U2_DWvSmB5Q_C3xCr7y4AXeUTi0JMhkYduD06kSIoRNkCGIcNB5SGs0F5G0cK0Ukp6UUhmkjNX0-rwGeNL-n-YZi0IYT4J2tP0qECLFSVKNCRWp6bHKQ0XBz7RCsP3wQpZpbdL0EVRsdL2364wmYfLYD55hljTvdHSK4O0USNdxbjTh5CNoy-TtU2yNBzABzBWN7hq2s6UpA1wC7gB0asbwKzgu7AvSQfemv2u8Cpn7Hi9Yfpb129E.	89	Lagoon Hazard	Gortmore			Seepage may potentially overtop track bank where ponding has developed.		2	Samsung SM-X110	52.8006816666667	-8.29854	101.9	1.927	2.585	1706017694000	1			37	0.680000007152557	0.409999996423721	0.550000011920929	47.6	0	72.6218634067555					GWPConsultants_Basic	1706017730642	GWPConsultants	1713281321093	9d53188b-5584-4a34-a8bb-40f1c1a26905	No	1	
90	https://services7.arcgis.com/3E0r5qbeigNNEBVj/arcgis/rest/services/GI_Comments/FeatureServer/0/90/attachments/92?token=3NKHt6i2urmWtqOuugvr9ac-SEfp8hQjHX7hXMT65R0AkNRmaXz90U2_DWvSmB5Q_C3xCr7y4AXeUTi0JMhkYduD06kSIoRNkCGIcNB5SGs0F5G0cK0Ukp6UUhmkjNX0-rwGeNL-n-YZi0IYT4J2tP0qECLFSVKNCRWp6bHKQ0XBz7RCsP3wQpZpbdL0EVRsdL2364wmYfLYD55hljTvdHSK4O0USNdxbjTh5CNoy-TtU2yNBzABzBWN7hq2s6UpA1wC7gB0asbwKzgu7AvSQfemv2u8Cpn7Hi9Yfpb129E.	90	Lagoon Hazard	Gortmore			Ocherous discharge outside of access track bank.		2	Samsung SM-X110	52.8006	-8.298915	101.6	2.068	2.773	1706017761000	1			33	0.730000019073486	0.430000007152557	0.589999973773956	5.03	1.9334879999833	94.3937061031965					GWPConsultants_Basic	1706017811888	GWPConsultants	1713281321499	1e71cc85-6d92-448e-904c-ed0c27d8d55b	No	2	
93	https://services7.arcgis.com/3E0r5qbeigNNEBVj/arcgis/rest/services/GI_Comments/FeatureServer/0/93/attachments/96?token=3NKHt6i2urmWtqOuugvr9ac-SEfp8hQjHX7hXMT65R0AkNRmaXz90U2_DWvSmB5Q_C3xCr7y4AXeUTi0JMhkYduD06kSIoRNkCGIcNB5SGs0F5G0cK0Ukp6UUhmkjNX0-rwGeNL-n-YZi0IYT4J2tP0qECLFSVKNCRWp6bHKQ0XBz7RCsP3wQpZpbdL0EVRsdL2364wmYfLYD55hljTvdHSK4O0USNdxbjTh5CNoy-TtU2yNBzABzBWN7hq2s6UpA1wC7gB0asbwKzgu7AvSQfemv2u8Cpn7Hi9Yfpb129E.	93	Lagoon Hazard	Gortmore			Ocherous seepage external to access track bank.		2	Samsung SM-X110	52.8005116666667	-8.30053166666666	101.5	1.974	2.491	1706018230000	1			37	0.680000007152557	0.419999986886978	0.529999971389771	4.75	2.86504399997525	226.928681155449					GWPConsultants_Basic	1706018282098	GWPConsultants	1713281323341	7bb39c4b-b040-4441-bf05-0fb5299d9833	No	1	
94	https://services7.arcgis.com/3E0r5qbeigNNEBVj/arcgis/rest/services/GI_Comments/FeatureServer/0/94/attachments/97?token=3NKHt6i2urmWtqOuugvr9ac-SEfp8hQjHX7hXMT65R0AkNRmaXz90U2_DWvSmB5Q_C3xCr7y4AXeUTi0JMhkYduD06kSIoRNkCGIcNB5SGs0F5G0cK0Ukp6UUhmkjNX0-rwGeNL-n-YZi0IYT4J2tP0qECLFSVKNCRWp6bHKQ0XBz7RCsP3wQpZpbdL0EVRsdL2364wmYfLYD55hljTvdHSK4O0USNdxbjTh5CNoy-TtU2yNBzABzBWN7hq2s6UpA1wC7gB0asbwKzgu7AvSQfemv2u8Cpn7Hi9Yfpb129E.	94	Lagoon Hazard	Gortmore			Ochreous deposits external to road bank.		2	Samsung SM-X110	52.8005016666667	-8.30088666666667	101.7	1.88	2.397	1706018313000	1			39	0.649999976158142	0.400000005960464	0.509999990463257	40.52	0	169.095088904654					GWPConsultants_Basic	1706018354251	GWPConsultants	1713281323684	0e852b88-f8a1-4739-b94a-87cfbfb29237	No	1	
95	https://services7.arcgis.com/3E0r5qbeigNNEBVj/arcgis/rest/services/GI_Comments/FeatureServer/0/95/attachments/98?token=3NKHt6i2urmWtqOuugvr9ac-SEfp8hQjHX7hXMT65R0AkNRmaXz90U2_DWvSmB5Q_C3xCr7y4AXeUTi0JMhkYduD06kSIoRNkCGIcNB5SGs0F5G0cK0Ukp6UUhmkjNX0-rwGeNL-n-YZi0IYT4J2tP0qECLFSVKNCRWp6bHKQ0XBz7RCsP3wQpZpbdL0EVRsdL2364wmYfLYD55hljTvdHSK4O0USNdxbjTh5CNoy-TtU2yNBzABzBWN7hq2s6UpA1wC7gB0asbwKzgu7AvSQfemv2u8Cpn7Hi9Yfpb129E.	95	Lagoon Hazard	Gortmore			Limestone rock buttress tailings embankment, ocherous seepage below.		2	Samsung SM-X110	52.8005366666667	-8.30122166666667	100.7	2.021	2.538	1706018386000	1			36	0.689999997615814	0.430000007152557	0.540000021457672	329.51	3.01690799997394	294.408593739911					GWPConsultants_Basic	1706018474131	GWPConsultants	1713281323999	e9e5af89-bf57-4f5c-ad47-f707fcbd2d8b	No	1	
96	https://services7.arcgis.com/3E0r5qbeigNNEBVj/arcgis/rest/services/GI_Comments/FeatureServer/0/96/attachments/99?token=3NKHt6i2urmWtqOuugvr9ac-SEfp8hQjHX7hXMT65R0AkNRmaXz90U2_DWvSmB5Q_C3xCr7y4AXeUTi0JMhkYduD06kSIoRNkCGIcNB5SGs0F5G0cK0Ukp6UUhmkjNX0-rwGeNL-n-YZi0IYT4J2tP0qECLFSVKNCRWp6bHKQ0XBz7RCsP3wQpZpbdL0EVRsdL2364wmYfLYD55hljTvdHSK4O0USNdxbjTh5CNoy-TtU2yNBzABzBWN7hq2s6UpA1wC7gB0asbwKzgu7AvSQfemv2u8Cpn7Hi9Yfpb129E.	96	Lagoon Hazard	Gortmore			Limestone rock buttress to tailings embankment.		2	Samsung SM-X110	52.8005	-8.30350333333333	103.2	1.974	2.538	1706018626000	1			37	0.680000007152557	0.409999996423721	0.540000021457672	310.3	0	338.421081119308					GWPConsultants_Basic	1706018656025	GWPConsultants	1713281324290	c8ade3de-d88e-4ef7-af32-9608eb8e7c3b	No	1	
99	https://services7.arcgis.com/3E0r5qbeigNNEBVj/arcgis/rest/services/GI_Comments/FeatureServer/0/99/attachments/102?token=3NKHt6i2urmWtqOuugvr9ac-SEfp8hQjHX7hXMT65R0AkNRmaXz90U2_DWvSmB5Q_C3xCr7y4AXeUTi0JMhkYduD06kSIoRNkCGIcNB5SGs0F5G0cK0Ukp6UUhmkjNX0-rwGeNL-n-YZi0IYT4J2tP0qECLFSVKNCRWp6bHKQ0XBz7RCsP3wQpZpbdL0EVRsdL2364wmYfLYD55hljTvdHSK4O0USNdxbjTh5CNoy-TtU2yNBzABzBWN7hq2s6UpA1wC7gB0asbwKzgu7AvSQfemv2u8Cpn7Hi9Yfpb129E.	99	Lagoon Hazard	Gortmore			Surface erosion of upper embankment.		2	Samsung SM-X110	52.8008616666667	-8.30380333333333	109.6	1.974	2.538	1706019273000	1			37	0.680000007152557	0.419999986886978	0.540000021457672	160.74	1.87792799998378	84.1933513325376					GWPConsultants_Basic	1706019310874	GWPConsultants	1713281325219	a6dd56ce-3ef4-4bb7-94ba-4d1580474872	No	1	
100	https://services7.arcgis.com/3E0r5qbeigNNEBVj/arcgis/rest/services/GI_Comments/FeatureServer/0/100/attachments/103?token=3NKHt6i2urmWtqOuugvr9ac-SEfp8hQjHX7hXMT65R0AkNRmaXz90U2_DWvSmB5Q_C3xCr7y4AXeUTi0JMhkYduD06kSIoRNkCGIcNB5SGs0F5G0cK0Ukp6UUhmkjNX0-rwGeNL-n-YZi0IYT4J2tP0qECLFSVKNCRWp6bHKQ0XBz7RCsP3wQpZpbdL0EVRsdL2364wmYfLYD55hljTvdHSK4O0USNdxbjTh5CNoy-TtU2yNBzABzBWN7hq2s6UpA1wC7gB0asbwKzgu7AvSQfemv2u8Cpn7Hi9Yfpb129E.	100	Lagoon Hazard	Gortmore			Ponded water on lagoon surface may contribute to seepage through embankment.		2	Samsung SM-X110	52.800875	-8.30346333333333	112.2	2.068	2.585	1706019351000	1			37	0.699999988079071	0.439999997615814	0.550000011920929	50	3.29100399997157	8.80919464711531					GWPConsultants_Basic	1706019391568	GWPConsultants	1713281325573	33fa019f-6d61-4a01-b5e8-fdef70ab2ab4	No	1	
101	https://services7.arcgis.com/3E0r5qbeigNNEBVj/arcgis/rest/services/GI_Comments/FeatureServer/0/101/attachments/104?token=3NKHt6i2urmWtqOuugvr9ac-SEfp8hQjHX7hXMT65R0AkNRmaXz90U2_DWvSmB5Q_C3xCr7y4AXeUTi0JMhkYduD06kSIoRNkCGIcNB5SGs0F5G0cK0Ukp6UUhmkjNX0-rwGeNL-n-YZi0IYT4J2tP0qECLFSVKNCRWp6bHKQ0XBz7RCsP3wQpZpbdL0EVRsdL2364wmYfLYD55hljTvdHSK4O0USNdxbjTh5CNoy-TtU2yNBzABzBWN7hq2s6UpA1wC7gB0asbwKzgu7AvSQfemv2u8Cpn7Hi9Yfpb129E.	101	Lagoon Hazard	Gortmore			Possible animal burrow (single, no others observed).		2	Samsung SM-X110	52.8007983333333	-8.30243333333333	111.7	2.021	2.491	1706019459000	1			37	0.689999997615814	0.419999986886978	0.529999971389771	342.84	2.06868399998213	343.674145459019					GWPConsultants_Basic	1706019482513	GWPConsultants	1713281325899	b5ea67af-401e-4c70-91c6-c532b707038f	No	1	
102	https://services7.arcgis.com/3E0r5qbeigNNEBVj/arcgis/rest/services/GI_Comments/FeatureServer/0/102/attachments/105?token=3NKHt6i2urmWtqOuugvr9ac-SEfp8hQjHX7hXMT65R0AkNRmaXz90U2_DWvSmB5Q_C3xCr7y4AXeUTi0JMhkYduD06kSIoRNkCGIcNB5SGs0F5G0cK0Ukp6UUhmkjNX0-rwGeNL-n-YZi0IYT4J2tP0qECLFSVKNCRWp6bHKQ0XBz7RCsP3wQpZpbdL0EVRsdL2364wmYfLYD55hljTvdHSK4O0USNdxbjTh5CNoy-TtU2yNBzABzBWN7hq2s6UpA1wC7gB0asbwKzgu7AvSQfemv2u8Cpn7Hi9Yfpb129E.	102	Lagoon Hazard	Gortmore			Tailings exposed at surface where turf lost or absent.		2	Samsung SM-X110	52.8009583333333	-8.300255	111.8	2.021	2.491	1706019663000	1			37	0.680000007152557	0.419999986886978	0.529999971389771	248.06	0	335.749124776377					GWPConsultants_Basic	1706019698774	GWPConsultants	1713281326197	111d5cca-8180-4f7e-8517-4ae7b8d07669	No	1	
103	https://services7.arcgis.com/3E0r5qbeigNNEBVj/arcgis/rest/services/GI_Comments/FeatureServer/0/103/attachments/106?token=3NKHt6i2urmWtqOuugvr9ac-SEfp8hQjHX7hXMT65R0AkNRmaXz90U2_DWvSmB5Q_C3xCr7y4AXeUTi0JMhkYduD06kSIoRNkCGIcNB5SGs0F5G0cK0Ukp6UUhmkjNX0-rwGeNL-n-YZi0IYT4J2tP0qECLFSVKNCRWp6bHKQ0XBz7RCsP3wQpZpbdL0EVRsdL2364wmYfLYD55hljTvdHSK4O0USNdxbjTh5CNoy-TtU2yNBzABzBWN7hq2s6UpA1wC7gB0asbwKzgu7AvSQfemv2u8Cpn7Hi9Yfpb129E.	103	Lagoon Hazard	Gortmore			Tailings exposed.		2	Samsung SM-X110	52.8009666666667	-8.299245	113.1	1.88	2.397	1706019787000	1			39	0.649999976158142	0.400000005960464	0.509999990463257	315.12	0	96.8033831819986					GWPConsultants_Basic	1706019808639	GWPConsultants	1713281326509	bae76658-a865-4714-b82c-8de453155a63	No	1	